{
"name":"中国",
"children":
[
	{ 
	  "name":"浙江" , 
  	  "children":
  	  [
	  	  	{"name":"杭州" },
	  	  	{"name":"宁波" },
	  	  	{"name":"温州" },
	  	  	{"name":"绍兴" }
  	  ] 
  	},
  	
	{ 
		"name":"广西" , 
		"children":
		[
			{
			"name":"桂林",
			"children":
			[
				{"name":"秀峰区"},
				{"name":"叠彩区"},
				{"name":"象山区"},
				{"name":"七星区"}
			]
			},
			{"name":"南宁"},
			{"name":"柳州"},
			{"name":"防城港"}
		] 
	},
	
	{ 
		"name":"黑龙江",
		"children":
		[
			{"name":"哈尔滨"},
			{"name":"齐齐哈尔"},
			{"name":"牡丹江"},
			{"name":"大庆"}
		] 
	},
	
	{ 
		"name":"新疆" , 
		"children":
		[
			{"name":"乌鲁木齐"},
			{"name":"克拉玛依"},
			{"name":"吐鲁番"},
			{"name":"哈密"}
		]
	},
	
	{ 
		"name":"西藏" , 
		"children":
		[
			{"name":"呼和浩特"},
			{"name":"包头"},
			{"name":"乌海"},
			{"name":"赤峰"}
		]
	},
	
	{ 
		"name":"北京" , 
		"children":
		[
			{"name":"东城区"},
			{"name":"西城区"},
			{"name":"海淀区"},
			{"name":"朝阳区"},
			{"name":"丰台区"},
			{"name":"通州区"}
		]
	},
	
	{ 
		"name":"上海" , 
		"children":
		[
			{"name":"黄埔区"},
			{"name":"浦东新去"},
			{"name":"徐汇区"},
			{"name":"长宁区"},
			{"name":"静安区"},
			{"name":"通州区"}
		]
	},
	
	{ 
		"name":"四川" , 
		"children":
		[
			{"name":"成都"},
			{"name":"绵阳"},
			{"name":"自贡"},
			{"name":"攀枝花"},
			{"name":"泸州"},
			{"name":"德阳"}
		]
	},
	
	{ 
		"name":"广东" , 
		"children":
		[
			{"name":"广州"},
			{
			"name":"深圳",
			"children":
			[
				{"name":"福田区"},
				{"name":"罗湖区"},
				{"name":"南山区"},
				{"name":"盐田区"},
				{"name":"宝安区"},
				{"name":"龙岗区"}
			]
			},
			{"name":"珠海"},
			{"name":"汕头"},
			{"name":"佛山"}
		]
	}
]
}