{
	"name": "中国",
	"provinces":
	[
		{"name": "北京", "value":	14149    },
		{"name": "天津", "value":	2226.41},
		{"name": "河北", "value":	1544.94},
		{"name": "山西", "value":	3720.24},
		{"name": "内蒙古", "value":	2771.96},
		{"name": "辽宁", "value":	6263.69},
		{"name": "吉林", "value":	4494.77},
		{"name": "黑龙江", "value":	3835.48},
		{"name": "上海", "value":	5493.23},
		{"name": "江苏", "value":	12299.72},
		{"name": "浙江", "value":	14151.74},
		{"name": "安徽", "value":	1562.67},
		{"name": "福建", "value":	14225.67},
		{"name": "江西", "value":	384.73},
		{"name": "山东", "value":	9923.65},
		{"name": "河南", "value":	1611.41},
		{"name": "湖北", "value":	1202.97},
		{"name": "湖南", "value":	928.36},
		{"name": "广东", "value":	15610.67},
		{"name": "广西", "value":	9278.87},
		{"name": "海南", "value":	13348.02},
		{"name": "重庆", "value":	1168.32},
		{"name": "四川", "value":	7798.15},
		{"name": "贵州", "value":	168.94},
		{"name": "云南", "value":	8947.08},
		{"name": "西藏", "value":	13405.7},
		{"name": "陕西", "value":	1597.47},
		{"name": "甘肃", "value":	4522.35},
		{"name": "青海", "value":	5424.32},
		{"name": "宁夏", "value":	545.45},
		{"name": "新疆", "value":	13150.57}
	]
}